edge,sparcc.corr,sparcc.ppvals,from,to
Otu000001_to_Otu000002,-0.615562609125497,0,Otu000001,Otu000002
Otu000001_to_Otu000003,0.744201403474601,0,Otu000001,Otu000003
